{"name": "a", "is_running": false, "elapsed_time": 2.0016688779999185, "total_elapsed_time": 2.0016688779999185, "log": {"start": [1113.054511624], "stop": [1115.056180502], "blocked": []}}